roc_auc,tp,fp,tn,fn,tpr,tnr,geometric_mean,elapsed,minority_size,embedding_type,dropped_columns,max_depth,threshold,l2_reg,l1_reg
0.872512,25067,953375,2217386,4172,0.857314,0.699323,0.774299,610.843699,0.913719,onehot,state_code,8,0.009137,,roc_auc,tp,fp,tn,fn,tpr,tnr,geometric_mean,elapsed,minority_size,embedding_type,dropped_columns,max_depth,threshold,l2_reg,l1_reg
0.874693,25114,949744,2221017,4125,0.858921,0.700468,0.775659,605.735006,0.913719,onehot,state_code,8,0.009137,,
0.873308,25008,938804,2231957,4231,0.855296,0.703918,0.775924,612.168417,0.913719,onehot,state_code,8,0.009137,,
0.87358,25184,948110,2222651,4055,0.861315,0.700983,0.777025,621.417171,0.913719,onehot,state_code,8,0.009137,,
0.873223,25068,940872,2229890,4170,0.857377,0.703266,0.776508,584.606844,0.913687,onehot,state_code,8,0.009137,,
0.875057,25147,937323,2233439,4091,0.860079,0.704386,0.778349,609.019999,0.913687,onehot,state_code,8,0.009137,,
0.873705,25201,960016,2210746,4037,0.861926,0.697229,0.775216,582.491837,0.913687,onehot,state_code,8,0.009137,,
0.86933,24927,952357,2218405,4311,0.852555,0.699644,0.772324,610.878712,0.913687,onehot,state_code,8,0.009137,,
0.878457,25264,924841,2245921,3974,0.864081,0.708322,0.782335,577.98622,0.913687,onehot,state_code,8,0.009137,,
0.873245,25223,968381,2202381,4015,0.862679,0.69459,0.774086,601.601702,0.913687,onehot,state_code,8,0.009137,,
0.873781,25069,939283,2231478,4170,0.857382,0.703767,0.776787,583.829607,0.913719,onehot,state_code,8,0.009137,,
0.874649,25305,960202,2210559,3934,0.865454,0.69717,0.776768,578.88226,0.913719,onehot,state_code,8,0.009137,,
0.873311,25032,936091,2234670,4207,0.856117,0.704774,0.776768,578.918118,0.913719,onehot,state_code,8,0.009137,,
0.872872,25162,974404,2196357,4077,0.860563,0.692691,0.772078,574.711964,0.913719,onehot,state_code,8,0.009137,,
0.874787,25261,958558,2212204,3977,0.863978,0.697688,0.776394,579.547189,0.913687,onehot,state_code,8,0.009137,,
0.873082,25181,959706,2211056,4057,0.861242,0.697326,0.774963,578.857445,0.913687,onehot,state_code,8,0.009137,,
0.871665,24945,937684,2233078,4293,0.853171,0.704272,0.775154,572.806313,0.913687,onehot,state_code,8,0.009137,,
0.875603,25157,947143,2223619,4081,0.860421,0.701289,0.776791,573.981542,0.913687,onehot,state_code,8,0.009137,,
0.900684,25241,773287,2397474,3998,0.863265,0.756119,0.807918,6540.094284,0.913719,skipgram75_w5,state_code,8,0.009137,,
0.903596,25345,770422,2400339,3894,0.866822,0.757023,0.810064,6566.730519,0.913719,skipgram75_w5,state_code,8,0.009137,,
0.873208,25040,934392,2236370,4198,0.85642,0.70531,0.777201,575.057158,0.913687,onehot,state_code,8,0.009137,,
0.871986,25186,957221,2213541,4052,0.861413,0.69811,0.775475,574.077769,0.913687,onehot,state_code,8,0.009137,,
0.874838,25116,933697,2237064,4123,0.85899,0.705529,0.778487,584.809829,0.913719,onehot,state_code,8,0.009137,,
0.874996,25269,955632,2215129,3970,0.864222,0.698611,0.777017,581.076128,0.913719,onehot,state_code,8,0.009137,,
0.875002,25143,933946,2236815,4096,0.859913,0.705451,0.778862,576.967417,0.913719,onehot,state_code,8,0.009137,,
0.874665,25161,952466,2218295,4078,0.860529,0.69961,0.775909,586.717313,0.913719,onehot,state_code,8,0.009137,,
0.875545,25418,966880,2203882,3820,0.869348,0.695064,0.777337,581.402414,0.913687,onehot,state_code,8,0.009137,,
0.875825,25113,931759,2239003,4125,0.858916,0.70614,0.778791,573.682675,0.913687,onehot,state_code,8,0.009137,,
0.874632,25224,943346,2227416,4014,0.862713,0.702486,0.778488,582.907567,0.913687,onehot,state_code,8,0.009137,,
0.870538,24913,943449,2227313,4325,0.852076,0.702454,0.773656,579.447223,0.913687,onehot,state_code,8,0.009137,,
0.874383,25152,947707,2223055,4086,0.86025,0.701111,0.776615,580.317452,0.913687,onehot,state_code,8,0.009137,,
0.872942,25094,945197,2225565,4144,0.858267,0.701902,0.776157,578.202514,0.913687,onehot,state_code,8,0.009137,,
0.903,25300,772678,2398083,3939,0.865283,0.756311,0.808964,6566.624287,0.913719,skipgram75_w5,state_code,8,0.009137,,
0.901298,25259,769368,2401393,3980,0.86388,0.757355,0.808866,6581.963786,0.913719,skipgram75_w5,state_code,8,0.009137,,
0.901963,25314,767215,2403546,3925,0.865761,0.758034,0.810109,14097.067952,0.913719,skipgram150_w5,state_code,8,0.009137,,
0.902923,25315,771477,2399284,3924,0.865796,0.75669,0.809407,14124.641826,0.913719,skipgram150_w5,state_code,8,0.009137,,
0.900259,25220,780850,2389911,4019,0.862547,0.753734,0.806307,14482.825414,0.913719,skipgram150_w5,state_code,8,0.009137,,
0.904011,25442,775107,2395655,3796,0.870169,0.755546,0.810834,6591.31241,0.913687,skipgram75_w5,state_code,8,0.009137,,
0.900334,25169,774208,2396554,4069,0.860832,0.755829,0.806624,6565.278855,0.913687,skipgram75_w5,state_code,8,0.009137,,
0.90262,25212,763260,2407501,4027,0.862273,0.759282,0.80914,22774.427114,0.913719,skipgram300_w5,state_code,8,0.009137,,
0.901045,25224,774768,2395994,4014,0.862713,0.755652,0.80741,6541.3035,0.913687,skipgram75_w5,state_code,8,0.009137,,
0.89939,25249,782363,2388399,3989,0.863568,0.753257,0.806529,6557.142942,0.913687,skipgram75_w5,state_code,8,0.009137,,
0.901486,25388,783313,2387448,3851,0.868292,0.752957,0.808571,13593.046285,0.913719,skipgram150_w5,state_code,8,0.009137,,
0.902514,25315,772553,2398208,3924,0.865796,0.756351,0.809225,14135.096458,0.913719,skipgram150_w5,state_code,8,0.009137,,
0.900836,25116,767010,2403751,4123,0.85899,0.758099,0.806969,14317.772178,0.913719,skipgram150_w5,state_code,8,0.009137,,
0.899677,25207,776336,2394426,4031,0.862131,0.755158,0.806874,6569.840834,0.913687,skipgram75_w5,state_code,8,0.009137,,
0.901449,25352,776872,2393890,3886,0.867091,0.754989,0.809101,6581.645308,0.913687,skipgram75_w5,state_code,8,0.009137,,
0.90293,25355,772954,2397807,3884,0.867164,0.756224,0.809797,6549.375596,0.913719,skipgram75_w5,state_code,8,0.009137,,
0.903953,25390,774607,2396155,3848,0.86839,0.755703,0.81009,12278.222965,0.913687,skipgram150_w5,state_code,8,0.009137,,
0.899727,25230,779436,2391325,4009,0.862889,0.75418,0.806705,6620.330127,0.913719,skipgram75_w5,state_code,8,0.009137,,
0.903904,25269,765535,2405227,3969,0.864252,0.758564,0.809686,12726.896144,0.913687,skipgram150_w5,state_code,8,0.009137,,
0.899912,25229,777642,2393120,4009,0.862884,0.754746,0.807006,14457.880285,0.913687,skipgram150_w5,state_code,8,0.009137,,
0.904038,25396,770022,2400739,3843,0.868566,0.757149,0.810946,6605.727573,0.913719,skipgram75_w5,state_code,8,0.009137,,
0.901177,25228,765555,2405206,4011,0.86282,0.758558,0.809011,6588.42219,0.913719,skipgram75_w5,state_code,8,0.009137,,
0.903569,25407,776766,2393995,3832,0.868942,0.755022,0.809982,25686.498348,0.913719,skipgram300_w5,state_code,8,0.009137,,
0.904497,25340,767435,2403327,3898,0.86668,0.757965,0.810502,12330.694104,0.913687,skipgram150_w5,state_code,8,0.009137,,
0.902186,25319,775218,2395544,3919,0.865962,0.755511,0.808853,6544.577693,0.913687,skipgram75_w5,state_code,8,0.009137,,
0.903772,25375,768807,2401955,3863,0.867877,0.757532,0.81083,6560.606508,0.913687,skipgram75_w5,state_code,8,0.009137,,
0.903642,25315,763824,2406938,3923,0.865825,0.759104,0.81071,12599.232213,0.913687,skipgram150_w5,state_code,8,0.009137,,
0.903444,25282,769637,2401125,3956,0.864697,0.757271,0.809203,12745.444852,0.913687,skipgram150_w5,state_code,8,0.009137,,
0.903494,25321,768976,2401785,3918,0.866001,0.757479,0.809924,7498.824618,0.913719,skipgram75_w10,state_code,8,0.009137,,
0.904757,25485,776729,2394032,3754,0.87161,0.755034,0.811231,7506.546152,0.913719,skipgram75_w10,state_code,8,0.009137,,
0.901055,25290,780521,2390241,3948,0.86497,0.753838,0.807495,7499.152555,0.913687,skipgram75_w5,state_code,8,0.009137,,
0.903486,25362,764142,2406620,3876,0.867433,0.759004,0.811409,7567.545957,0.913687,skipgram75_w5,state_code,8,0.009137,,
0.90514,25459,770954,2399808,3779,0.87075,0.756855,0.811808,12683.879651,0.913687,skipgram150_w5,state_code,8,0.009137,,
0.902654,25174,759956,2410806,4064,0.861003,0.760324,0.809099,12674.884609,0.913687,skipgram150_w5,state_code,8,0.009137,,
0.901331,25303,779542,2391219,3936,0.865385,0.754147,0.807854,14113.593347,0.913719,skipgram150_w10,state_code,8,0.009137,,
0.90032,25316,785794,2384967,3923,0.86583,0.752175,0.807004,14228.314819,0.913719,skipgram150_w10,state_code,8,0.009137,,
0.900073,25249,777377,2393384,3990,0.863538,0.75483,0.807356,7478.460197,0.913719,skipgram75_w10,state_code,8,0.009137,,
0.899202,25257,788883,2381878,3982,0.863812,0.751201,0.805541,7755.142591,0.913719,skipgram75_w10,state_code,8,0.009137,,
0.906009,25474,766687,2404075,3764,0.871263,0.758201,0.812769,7761.742881,0.913687,skipgram75_w5,state_code,8,0.009137,,
0.898321,25157,772302,2398460,4081,0.860421,0.75643,0.806752,7995.098718,0.913687,skipgram75_w5,state_code,8,0.009137,,
0.900997,25175,766677,2404085,4063,0.861037,0.758204,0.807986,12912.909798,0.913687,skipgram150_w5,state_code,8,0.009137,,
0.905827,25484,762593,2408169,3754,0.871605,0.759492,0.81362,23247.510402,0.913687,skipgram300_w5,state_code,8,0.009137,,
0.903606,25316,768741,2402020,3923,0.86583,0.757553,0.809884,19333.676501,0.913719,skipgram300_w10,state_code,8,0.009137,,
0.900907,25219,775826,2394935,4020,0.862512,0.755319,0.807138,21733.445041,0.913719,skipgram300_w10,state_code,8,0.009137,,
0.903676,25477,786537,2384225,3761,0.871366,0.751941,0.809454,7515.586484,0.913687,skipgram75_w10,state_code,8,0.009137,,
0.900988,25298,778909,2391853,3940,0.865244,0.754346,0.807895,7557.008489,0.913687,skipgram75_w10,state_code,8,0.009137,,
0.905835,25534,770925,2399836,3705,0.873286,0.756864,0.812994,22463.31093,0.913719,cbow300_w5,state_code,8,0.009137,,
0.897793,25084,780132,2390629,4155,0.857895,0.753961,0.804251,7594.268327,0.913719,skipgram75_w5,state_code,8,0.009137,,
0.901296,25176,760482,2410279,4063,0.861042,0.760158,0.809029,12367.501845,0.913719,skipgram150_w5,state_code,8,0.009137,,
0.908159,25537,751134,2419627,3702,0.873388,0.763106,0.816387,25353.134274,0.913719,cbow300_w5,state_code,8,0.009137,,
0.90375,25383,769238,2401523,3856,0.868121,0.757396,0.810871,13845.374092,0.913719,skipgram150_w5,state_code,8,0.009137,,
0.902869,25374,778324,2392437,3865,0.867814,0.754531,0.809192,13412.075711,0.913719,skipgram150_w10,state_code,8,0.009137,,
0.904412,25484,782458,2388303,3755,0.871576,0.753227,0.810243,14140.636935,0.913719,skipgram150_w10,state_code,8,0.009137,,
0.902751,25316,773364,2397398,3922,0.865859,0.756095,0.809118,7560.608931,0.913687,skipgram75_w10,state_code,8,0.009137,,
0.901991,25373,771187,2399575,3865,0.867809,0.756782,0.810396,7871.827011,0.913687,skipgram75_w10,state_code,8,0.009137,,
0.903449,25418,779158,2391603,3821,0.869318,0.754268,0.809752,7328.958021,0.913719,skipgram75_w5,state_code,8,0.009137,,
0.897884,25139,777853,2392908,4100,0.859776,0.754679,0.805516,11822.838316,0.913719,skipgram150_w5,state_code,8,0.009137,,
0.905056,25365,761199,2409563,3873,0.867535,0.759932,0.811953,8314.137176,0.913687,skipgram75_w10,state_code,8,0.009137,,
0.900858,25199,776639,2394123,4039,0.861858,0.755062,0.806695,7945.981145,0.913687,skipgram75_w5,state_code,8,0.009137,,
0.903435,25406,770464,2400297,3833,0.868908,0.75701,0.811031,8961.030971,0.913719,cbow75_w10,state_code,8,0.009137,,
0.907045,25543,766974,2403787,3696,0.873593,0.75811,0.813806,8959.844573,0.913719,cbow75_w5,state_code,8,0.009137,,
0.903439,25424,772894,2397867,3815,0.869524,0.756243,0.810908,9119.242319,0.913719,cbow75_w5,state_code,8,0.009137,,
0.904822,25357,766636,2404126,3881,0.867262,0.758217,0.810909,20709.671039,0.913687,skipgram300_w5,state_code,8,0.009137,,
0.903604,25384,774187,2396575,3854,0.868185,0.755836,0.810065,8648.283631,0.913687,skipgram75_w10,state_code,8,0.009137,,
0.900256,25214,778347,2392414,4025,0.862341,0.754524,0.806633,20145.613581,0.913719,skipgram300_w10,state_code,8,0.009137,,
0.904648,25389,766815,2403947,3849,0.868356,0.758161,0.81139,13127.388995,0.913687,skipgram150_w10,state_code,8,0.009137,,
0.898597,25121,778432,2392329,4118,0.859161,0.754497,0.80513,13287.218597,0.913719,skipgram150_w5,state_code,8,0.009137,,
0.905619,25485,765805,2404956,3754,0.87161,0.758479,0.813079,10969.515455,0.913719,cbow75_w10,state_code,8,0.009137,,
0.903114,25415,788464,2382298,3823,0.869246,0.751333,0.808142,13125.102657,0.913687,skipgram150_w10,state_code,8,0.009137,,
0.906621,25645,781811,2388950,3594,0.877082,0.753431,0.812909,14274.123508,0.913719,cbow150_w5,state_code,8,0.009137,,
0.9027,25439,778790,2391971,3800,0.870037,0.754384,0.810149,14276.358919,0.913719,cbow150_w10,state_code,8,0.009137,,
0.904229,25487,773904,2396857,3752,0.871678,0.755925,0.811741,15246.872276,0.913719,cbow150_w5,state_code,8,0.009137,,
0.905421,25517,776063,2394698,3722,0.872704,0.755244,0.811853,24471.171647,0.913719,skipgram300_w10,state_code,8,0.009137,,
0.903865,25455,779581,2391180,3784,0.870584,0.754134,0.81027,7560.100569,0.913719,cbow75_w5,state_code,8,0.009137,,
0.905133,25567,777844,2392917,3672,0.874414,0.754682,0.812345,16258.312053,0.913719,cbow150_w10,state_code,8,0.009137,,
0.901929,25522,788490,2382271,3717,0.872875,0.751325,0.809823,7704.484363,0.913719,cbow75_w10,state_code,8,0.009137,,
0.903251,25371,773198,2397564,3867,0.867741,0.756148,0.810025,7927.743757,0.913687,skipgram75_w5,state_code,8,0.009137,,
0.904168,25389,764695,2406066,3850,0.868327,0.758829,0.811734,7927.301165,0.913719,cbow75_w5,state_code,8,0.009137,,
0.90343,25468,770049,2400712,3771,0.871028,0.757141,0.812091,17047.554092,0.913719,cbow150_w10,state_code,8,0.009137,,
0.903564,25389,773762,2396999,3850,0.868327,0.75597,0.810203,8618.438848,0.913719,skipgram75_w10,state_code,8,0.009137,,
0.904414,25349,766540,2404222,3889,0.866988,0.758247,0.810797,11802.001532,0.913687,skipgram150_w5,state_code,8,0.009137,,
0.905946,25514,768634,2402127,3725,0.872602,0.757587,0.813063,25208.587943,0.913719,cbow300_w5,state_code,8,0.009137,,
0.900831,25290,778539,2392222,3949,0.864941,0.754463,0.807815,8867.245907,0.913719,skipgram75_w10,state_code,8,0.009137,,
0.903505,25496,781928,2388833,3743,0.871986,0.753394,0.810524,8023.131243,0.913719,cbow75_w10,state_code,8,0.009137,,
0.909179,25605,759965,2410796,3634,0.875714,0.760321,0.81598,19118.30536,0.913719,cbow300_w10,state_code,8,0.009137,,
0.905719,25383,754308,2416453,3856,0.868121,0.762105,0.813388,23442.531676,0.913719,cbow300_w5,state_code,8,0.009137,,
0.908733,25654,769029,2401732,3585,0.87739,0.757462,0.815224,20644.260446,0.913719,cbow300_w10,state_code,8,0.009137,,
0.902487,25356,770063,2400699,3882,0.867228,0.757136,0.810314,12277.239758,0.913687,skipgram150_w5,state_code,8,0.009137,,
0.902223,25389,777715,2393047,3849,0.868356,0.754723,0.809548,7620.17661,0.913687,cbow75_w5,state_code,8,0.009137,,
0.900879,25267,782054,2388708,3971,0.864184,0.753355,0.806868,13615.146937,0.913687,skipgram150_w10,state_code,8,0.009137,,
0.90437,25469,772249,2398513,3769,0.871092,0.756447,0.811748,7674.943165,0.913687,cbow75_w10,state_code,8,0.009137,,
0.900318,25191,776245,2394517,4047,0.861584,0.755187,0.806633,7721.738341,0.913687,skipgram75_w5,state_code,8,0.009137,,
0.904801,25514,775647,2395115,3724,0.872632,0.755375,0.811889,8076.402312,0.913687,cbow75_w5,state_code,8,0.009137,,
0.902263,25357,781874,2388888,3881,0.867262,0.753411,0.808335,13950.027173,0.913687,skipgram150_w10,state_code,8,0.009137,,
0.900193,25152,771792,2398969,4087,0.860221,0.756591,0.806744,8385.812617,0.913719,skipgram75_w10,state_code,8,0.009137,,
0.90423,25412,773229,2397532,3827,0.869113,0.756138,0.81066,12401.589439,0.913719,cbow150_w5,state_code,8,0.009137,,
0.902714,25416,777629,2393133,3822,0.86928,0.75475,0.809993,8063.58154,0.913687,cbow75_w10,state_code,8,0.009137,,
0.901064,25304,779689,2391072,3935,0.865419,0.7541,0.807845,8553.364188,0.913719,skipgram75_w10,state_code,8,0.009137,,
0.905398,25451,763715,2407046,3788,0.870447,0.759138,0.81289,14537.259909,0.913719,cbow150_w10,state_code,8,0.009137,,
0.902723,25420,778693,2392068,3819,0.869387,0.754414,0.809863,14599.823471,0.913719,cbow150_w5,state_code,8,0.009137,,
0.900998,25261,783423,2387339,3977,0.863978,0.752923,0.806541,20758.950757,0.913687,skipgram300_w5,state_code,8,0.009137,,
0.901669,25254,773900,2396862,3984,0.863739,0.755926,0.808036,11943.606499,0.913687,skipgram150_w5,state_code,8,0.009137,,
0.906378,25510,764455,2406306,3729,0.872465,0.758905,0.813706,30668.196789,0.913719,cbow300_w10,state_code,8,0.009137,,
0.90293,25503,783317,2387445,3735,0.872255,0.752956,0.810414,7505.282837,0.913687,cbow75_w5,state_code,8,0.009137,,
0.90536,25522,775703,2395059,3716,0.872905,0.755358,0.812007,7919.696648,0.913687,cbow75_w10,state_code,8,0.009137,,
0.900819,25252,769070,2401692,3986,0.863671,0.757449,0.808818,7689.221241,0.913687,cbow75_w5,state_code,8,0.009137,,
0.901231,25376,784683,2386079,3862,0.867912,0.752525,0.808162,8406.400414,0.913687,skipgram75_w10,state_code,8,0.009137,,
0.902087,25391,776879,2393882,3848,0.868395,0.754987,0.809708,17963.116423,0.913719,cbow150_w10,state_code,8,0.009137,,
0.903693,25382,774661,2396101,3856,0.868117,0.755686,0.809953,7949.400085,0.913687,cbow75_w10,state_code,8,0.009137,,
0.900468,25247,772110,2398652,3991,0.8635,0.756491,0.808226,12155.728462,0.913687,skipgram150_w5,state_code,8,0.009137,,
0.901775,25462,787433,2383329,3776,0.870853,0.751658,0.809063,8566.749878,0.913687,skipgram75_w10,state_code,8,0.009137,,
0.904618,25461,767446,2403315,3778,0.870789,0.757962,0.812419,19250.453433,0.913719,cbow150_w10,state_code,8,0.009137,,
0.904442,25402,772383,2398379,3836,0.868801,0.756405,0.810657,13578.541227,0.913687,skipgram150_w10,state_code,8,0.009137,,
0.903164,25386,778234,2392528,3852,0.868254,0.754559,0.809413,12254.28431,0.913687,cbow150_w5,state_code,8,0.009137,,
0.902766,25369,778661,2392101,3869,0.867672,0.754425,0.809069,13571.516374,0.913687,skipgram150_w10,state_code,8,0.009137,,
0.903279,25401,778550,2392212,3837,0.868767,0.75446,0.809598,7873.240804,0.913687,cbow75_w5,state_code,8,0.009137,,
0.90286,25376,773125,2397637,3862,0.867912,0.756171,0.810117,21314.137054,0.913687,cbow300_w5,state_code,8,0.009137,,
0.906084,25604,778501,2392261,3634,0.87571,0.754475,0.812835,7752.258552,0.913687,cbow75_w10,state_code,8,0.009137,,
0.902652,25388,775272,2395490,3850,0.868322,0.755493,0.809945,7910.170581,0.913687,cbow75_w5,state_code,8,0.009137,,
0.901745,25273,772132,2398630,3965,0.864389,0.756484,0.808638,32527.492709,0.913687,skipgram300_w10,state_code,8,0.009137,,
0.903853,25377,765217,2405545,3861,0.867946,0.758665,0.811468,11660.78945,0.913687,skipgram150_w5,state_code,8,0.009137,,
0.90386,25422,771857,2398905,3816,0.869485,0.756571,0.811065,13628.033639,0.913687,cbow150_w10,state_code,8,0.009137,,
0.904804,25457,767322,2403440,3781,0.870682,0.758001,0.81239,8337.86054,0.913687,skipgram75_w10,state_code,8,0.009137,,
0.90511,25486,768135,2402627,3752,0.871674,0.757744,0.812715,7818.804632,0.913687,cbow75_w10,state_code,8,0.009137,,
0.902875,25391,774226,2396536,3847,0.868425,0.755823,0.81017,13766.984139,0.913687,cbow150_w5,state_code,8,0.009137,,
0.906156,25468,763012,2407750,3770,0.871058,0.75936,0.813294,24591.375368,0.913687,cbow300_w5,state_code,8,0.009137,,
0.901473,25337,782634,2388128,3901,0.866578,0.753172,0.807887,8327.319304,0.913687,skipgram75_w10,state_code,8,0.009137,,
0.900355,25217,778287,2392475,4021,0.862473,0.754543,0.806705,29661.735804,0.913687,skipgram300_w10,state_code,8,0.009137,,
0.901866,25254,770287,2400475,3984,0.863739,0.757066,0.808645,11642.108485,0.913687,skipgram150_w5,state_code,8,0.009137,,
0.904809,25439,773741,2397020,3800,0.870037,0.755976,0.811004,7310.652933,0.913719,cbow75_w5,state_code,8,0.009137,,
0.907684,25682,769190,2401571,3557,0.878347,0.757412,0.815641,7975.382131,0.913719,cbow75_w5,state_code,8,0.009137,,
0.901816,25280,778084,2392677,3959,0.864599,0.754607,0.807733,19591.791564,0.913719,skipgram300_w5,state_code,8,0.009137,,
0.902895,25446,785026,2385735,3793,0.870276,0.752417,0.809204,9647.83818,0.913719,cbow75_w10,state_code,8,0.009137,,
0.906671,25515,763991,2406771,3723,0.872666,0.759051,0.813878,11918.181751,0.913687,cbow150_w5,state_code,8,0.009137,,
0.902892,25414,780788,2389974,3824,0.869211,0.753754,0.809427,8283.984378,0.913687,skipgram75_w10,state_code,8,0.009137,,
0.902985,25368,771893,2398869,3870,0.867638,0.756559,0.810197,17302.998509,0.913687,cbow150_w10,state_code,8,0.009137,,
0.905412,25492,776217,2394544,3747,0.871849,0.755195,0.811429,13643.833564,0.913719,skipgram150_w10,state_code,8,0.009137,,
0.90578,25594,778525,2392236,3645,0.875338,0.754467,0.812658,8921.136703,0.913719,cbow75_w10,state_code,8,0.009137,,
0.901539,25287,779017,2391745,3951,0.864868,0.754312,0.807701,8798.722106,0.913687,skipgram75_w10,state_code,8,0.009137,,
0.903594,25482,788592,2382169,3757,0.871507,0.751293,0.80917,14540.182109,0.913719,skipgram150_w10,state_code,8,0.009137,,
0.905395,25551,772879,2397883,3687,0.873897,0.756248,0.812947,18242.015107,0.913687,cbow150_w10,state_code,8,0.009137,,
0.901666,25318,771318,2399443,3921,0.865898,0.75674,0.809481,7695.524541,0.913719,cbow75_w5,state_code,8,0.009137,,
0.903954,25514,776429,2394332,3725,0.872602,0.755129,0.811743,7611.807856,0.913719,cbow75_w5,state_code,8,0.009137,,
0.901649,25299,773114,2397648,3939,0.865278,0.756174,0.808889,14257.199099,0.913687,cbow150_w10,state_code,8,0.009137,,
0.898694,25231,786049,2384713,4007,0.862952,0.752095,0.805619,13704.906279,0.913687,cbow150_w5,state_code,8,0.009137,,
0.907772,25683,768709,2402052,3556,0.878382,0.757563,0.815739,7745.247833,0.913719,cbow75_w10,state_code,8,0.009137,,
0.900839,25293,781351,2389410,3946,0.865043,0.753576,0.807388,8320.134347,0.913719,skipgram75_w10,state_code,8,0.009137,,
0.902511,25375,774295,2396466,3864,0.867848,0.755802,0.809889,8018.466157,0.913719,cbow75_w10,state_code,8,0.009137,,
0.907022,25582,761275,2409487,3656,0.874957,0.759908,0.815406,20942.741927,0.913687,cbow300_w5,state_code,8,0.009137,,
0.903055,25379,772912,2397849,3860,0.867985,0.756238,0.810187,8664.224224,0.913719,skipgram75_w10,state_code,8,0.009137,,
0.90443,25433,772630,2398132,3805,0.869861,0.756327,0.81111,11718.881103,0.913687,cbow150_w5,state_code,8,0.009137,,
0.90716,25516,763268,2407494,3722,0.8727,0.759279,0.814017,7817.537601,0.913687,cbow75_w5,state_code,8,0.009137,,
0.903213,25391,765642,2405119,3848,0.868395,0.758531,0.811606,32476.857012,0.913719,cbow300_w10,state_code,8,0.009137,,
0.904635,25509,772568,2398194,3729,0.87246,0.756346,0.812331,7893.340099,0.913687,cbow75_w5,state_code,8,0.009137,,
0.900897,25374,782767,2387994,3865,0.867814,0.75313,0.808441,15235.325803,0.913719,skipgram300_w5,state_code,8,0.009137,,
0.905356,25516,778049,2392713,3722,0.8727,0.754618,0.811514,7725.985733,0.913687,cbow75_w10,state_code,8,0.009137,,
0.902766,25325,776968,2393793,3914,0.866138,0.754959,0.80864,13893.138218,0.913719,skipgram150_w10,state_code,8,0.009137,,
0.904334,25383,766591,2404171,3855,0.868151,0.758231,0.811332,21632.810815,0.913687,cbow300_w5,state_code,8,0.009137,,
0.901597,25261,774942,2395819,3978,0.863949,0.755597,0.807959,13723.661165,0.913719,skipgram150_w10,state_code,8,0.009137,,
0.903032,25355,767016,2403746,3883,0.867193,0.758097,0.810813,7778.443885,0.913687,cbow75_w10,state_code,8,0.009137,,
0.902493,25410,784963,2385798,3829,0.869045,0.752437,0.808642,8600.532234,0.913719,skipgram75_w10,state_code,8,0.009137,,
0.90588,25450,757715,2413047,3788,0.870443,0.761031,0.8139,17709.087508,0.913687,cbow150_w10,state_code,8,0.009137,,
0.903878,25320,763075,2407686,3919,0.865967,0.75934,0.810903,8505.315259,0.913719,skipgram75_w10,state_code,8,0.009137,,
0.904826,25480,777178,2393584,3758,0.871469,0.754892,0.811089,7855.050908,0.913687,cbow75_w5,state_code,8,0.009137,,
0.907304,25606,769035,2401727,3632,0.875778,0.757461,0.814474,13760.105125,0.913687,cbow150_w5,state_code,8,0.009137,,
0.902017,25358,774633,2396129,3880,0.867296,0.755695,0.809575,14383.654149,0.913687,cbow150_w10,state_code,8,0.009137,,
0.903416,25334,775691,2395071,3904,0.866475,0.755361,0.809013,7602.583545,0.913687,cbow75_w5,state_code,8,0.009137,,
0.903016,25488,782575,2388187,3750,0.871742,0.75319,0.810301,18514.855184,0.913687,cbow150_w10,state_code,8,0.009137,,
0.903933,25389,769775,2400987,3849,0.868356,0.757227,0.81089,7980.55112,0.913687,cbow75_w10,state_code,8,0.009137,,
0.901611,25314,775782,2394980,3924,0.865791,0.755333,0.808678,32922.204132,0.913687,skipgram300_w10,state_code,8,0.009137,,
0.904404,25539,780516,2390245,3700,0.873457,0.75384,0.811447,12407.927061,0.913719,cbow150_w5,state_code,8,0.009137,,
0.904336,25568,784417,2386345,3670,0.874478,0.752609,0.811259,7716.40708,0.913687,cbow75_w10,state_code,8,0.009137,,
0.903486,25410,776081,2394681,3828,0.869074,0.755238,0.810159,30751.116816,0.913687,skipgram300_w10,state_code,8,0.009137,,
0.902672,25405,779265,2391497,3833,0.868903,0.754234,0.809541,8374.211728,0.913687,skipgram75_w10,state_code,8,0.009137,,
0.90547,25564,776290,2394472,3674,0.874342,0.755172,0.812575,7795.228347,0.913687,cbow75_w5,state_code,8,0.009137,,
0.902247,25370,783319,2387443,3868,0.867706,0.752956,0.808297,8170.164608,0.913687,skipgram75_w10,state_code,8,0.009137,,
0.905123,25438,770496,2400266,3800,0.870032,0.757,0.81155,13604.157836,0.913687,skipgram150_w10,state_code,8,0.009137,,
0.904064,25450,768915,2401847,3788,0.870443,0.757498,0.812009,7675.213645,0.913687,cbow75_w5,state_code,8,0.009137,,
0.900849,25170,777521,2393241,4068,0.860866,0.754784,0.806082,15187.343108,0.913687,skipgram300_w5,state_code,8,0.009137,,
0.903711,25470,778726,2392036,3768,0.871127,0.754404,0.810667,13633.194292,0.913687,skipgram150_w10,state_code,8,0.009137,,
0.904748,25478,766811,2403951,3760,0.8714,0.758162,0.812811,20762.420471,0.913687,cbow300_w5,state_code,8,0.009137,,
0.903853,25554,783277,2387485,3684,0.874,0.752969,0.81123,7912.710476,0.913687,cbow75_w10,state_code,8,0.009137,,
0.904785,25474,772386,2398376,3764,0.871263,0.756404,0.811805,7777.374117,0.913687,cbow75_w10,state_code,8,0.009137,,
0.902389,25312,770398,2400364,3926,0.865723,0.757031,0.809555,8468.246677,0.913687,skipgram75_w10,state_code,8,0.009137,,
0.904741,25500,771552,2399209,3739,0.872123,0.756667,0.812346,13735.562474,0.913719,cbow150_w5,state_code,8,0.009137,,
0.904071,25453,777025,2393737,3785,0.870545,0.754941,0.810685,20822.58435,0.913687,cbow300_w5,state_code,8,0.009137,,
0.908323,25517,749165,2421597,3721,0.872734,0.763727,0.816413,17126.862365,0.913687,cbow150_w10,state_code,8,0.009137,,
0.906762,25577,769634,2401127,3662,0.874756,0.757272,0.813897,7786.077932,0.913719,cbow75_w5,state_code,8,0.009137,,
0.905562,25530,764349,2406412,3709,0.873149,0.758938,0.814043,15185.014199,0.913719,cbow150_w10,state_code,8,0.009137,,
0.905697,25506,769807,2400954,3733,0.872328,0.757217,0.812737,11573.398598,0.913719,cbow150_w5,state_code,8,0.009137,,
0.901829,25315,772348,2398414,3923,0.865825,0.756416,0.809274,8481.92094,0.913687,skipgram75_w10,state_code,8,0.009137,,
0.904854,25492,771526,2399235,3747,0.871849,0.756675,0.812223,7711.127574,0.913719,cbow75_w5,state_code,8,0.009137,,
0.904901,25514,773124,2397637,3725,0.872602,0.756171,0.812303,7800.213559,0.913719,cbow75_w10,state_code,8,0.009137,,
0.904529,25527,778372,2392390,3711,0.873076,0.754516,0.811634,17689.575927,0.913687,cbow150_w10,state_code,8,0.009137,,
0.904092,25540,779070,2391691,3699,0.873491,0.754296,0.811708,8443.683644,0.913719,cbow75_w10,state_code,8,0.009137,,
0.903788,25456,777974,2392788,3782,0.870648,0.754641,0.810572,13881.754107,0.913687,skipgram150_w10,state_code,8,0.009137,,
0.903019,25443,782754,2388008,3795,0.870203,0.753134,0.809555,8437.398086,0.913687,skipgram75_w10,state_code,8,0.009137,,
0.907293,25582,767099,2403662,3657,0.874927,0.758071,0.814406,7702.435063,0.913719,cbow75_w5,state_code,8,0.009137,,
0.900052,25278,783416,2387346,3960,0.86456,0.752925,0.806814,13580.990154,0.913687,skipgram150_w10,state_code,8,0.009137,,
0.900641,25402,783414,2387348,3836,0.868801,0.752926,0.808791,31865.27482,0.913687,cbow300_w10,state_code,8,0.009137,,
0.901052,25245,773024,2397738,3993,0.863431,0.756202,0.80804,15242.253397,0.913687,skipgram300_w5,state_code,8,0.009137,,
0.904635,25453,773513,2397248,3786,0.870515,0.756048,0.811265,7620.629643,0.913719,cbow75_w5,state_code,8,0.009137,,
0.907309,25589,771961,2398801,3649,0.875197,0.756538,0.813707,8784.644591,0.913687,cbow150_w5,state_code,8,0.009137,,
0.902062,25461,778008,2392754,3777,0.870819,0.754631,0.810646,8601.342803,0.913687,skipgram75_w10,state_code,8,0.009137,,
0.903769,25401,777698,2393063,3838,0.868737,0.754728,0.809729,7852.661887,0.913719,cbow75_w10,state_code,8,0.009137,,
0.904561,25405,767613,2403148,3834,0.868874,0.757909,0.811497,13534.000983,0.913719,cbow150_w5,state_code,8,0.009137,,
0.903875,25605,789794,2380967,3634,0.875714,0.750913,0.810916,7774.562199,0.913719,cbow75_w10,state_code,8,0.009137,,
0.906675,25510,761640,2409121,3729,0.872465,0.759793,0.814182,13494.371945,0.913719,cbow150_w10,state_code,8,0.009137,,
0.905595,25649,778358,2392404,3589,0.877249,0.75452,0.813574,7683.490483,0.913687,cbow75_w5,state_code,8,0.009137,,
0.903002,25418,771477,2399284,3821,0.869318,0.75669,0.811052,16305.736716,0.913719,cbow150_w10,state_code,8,0.009137,,
0.903793,25494,777704,2393058,3744,0.871947,0.754726,0.811222,7803.239053,0.913687,cbow75_w5,state_code,8,0.009137,,
0.901733,25363,777956,2392806,3875,0.867467,0.754647,0.809093,8793.790437,0.913687,cbow150_w5,state_code,8,0.009137,,
0.904108,25524,781934,2388828,3714,0.872974,0.753392,0.810982,7873.01756,0.913687,cbow75_w10,state_code,8,0.009137,,
0.902859,25272,775495,2395267,3966,0.864355,0.755423,0.808055,12762.938668,0.913687,skipgram150_w10,state_code,8,0.009137,,
0.901696,25237,772885,2397877,4001,0.863158,0.756246,0.807935,31679.44128,0.913687,skipgram300_w10,state_code,8,0.009137,,
0.902527,25200,764184,2406578,4038,0.861892,0.75899,0.808806,30008.702077,0.913687,skipgram300_w10,state_code,8,0.009137,,
0.904549,25364,770891,2399871,3874,0.867501,0.756875,0.810302,12535.385974,0.913687,skipgram150_w10,state_code,8,0.009137,,
0.904019,25451,774437,2396325,3787,0.870477,0.755757,0.811091,7776.395767,0.913687,cbow75_w10,state_code,8,0.009137,,
0.904179,25377,765916,2404845,3862,0.867916,0.758444,0.811336,16997.669824,0.913719,cbow150_w10,state_code,8,0.009137,,
0.90234,25341,779759,2391003,3897,0.866715,0.754078,0.808437,7708.132687,0.913687,cbow75_w5,state_code,8,0.009137,,
0.907784,25622,769424,2401338,3616,0.876325,0.757338,0.814662,11776.85803,0.913687,cbow150_w5,state_code,8,0.009137,,
0.9041,25393,769552,2401210,3845,0.868493,0.757297,0.810992,15197.669718,0.913687,skipgram300_w5,state_code,8,0.009137,,
0.904137,25526,780757,2390005,3712,0.873042,0.753764,0.811213,7845.354262,0.913687,cbow75_w5,state_code,8,0.009137,,
0.908691,25597,762570,2408192,3641,0.87547,0.759499,0.815426,11871.804306,0.913687,cbow150_w10,state_code,8,0.009137,,
0.906147,25461,761945,2408817,3777,0.870819,0.759697,0.813362,8758.732296,0.913687,cbow150_w5,state_code,8,0.009137,,
0.905118,25557,776306,2394456,3681,0.874102,0.755167,0.812461,7942.434304,0.913687,cbow75_w10,state_code,8,0.009137,,
0.903939,25447,781932,2388830,3791,0.87034,0.753393,0.809758,7765.510397,0.913687,cbow75_w10,state_code,8,0.009137,,
0.902618,25478,782250,2388512,3760,0.8714,0.753293,0.810197,7741.044106,0.913687,cbow75_w5,state_code,8,0.009137,,
0.905451,25447,760848,2409913,3792,0.87031,0.760042,0.81331,15659.915991,0.913719,cbow150_w10,state_code,8,0.009137,,
0.904403,25441,773018,2397744,3797,0.870135,0.756204,0.811172,7687.799263,0.913687,cbow75_w5,state_code,8,0.009137,,
0.902715,25472,788572,2382190,3766,0.871195,0.751299,0.809029,7543.448377,0.913687,cbow75_w10,state_code,8,0.009137,,
0.905408,25538,775643,2395119,3700,0.873452,0.755376,0.812272,10529.845296,0.913687,cbow150_w5,state_code,8,0.009137,,
0.901976,25373,779120,2391642,3865,0.867809,0.75428,0.809056,6855.233817,0.913687,cbow75_w10,state_code,8,0.009137,,
0.905576,25425,760928,2409834,3813,0.869588,0.760017,0.812959,11100.100802,0.913687,cbow150_w10,state_code,8,0.009137,,
0.901541,25225,770083,2400678,4014,0.862718,0.75713,0.808201,17155.428233,0.913719,cbow150_w10,state_code,8,0.009137,,
0.907372,25444,753367,2417395,3794,0.870237,0.762402,0.814537,31658.183267,0.913687,cbow300_w10,state_code,8,0.009137,,
0.906183,25489,765124,2405638,3749,0.871776,0.758694,0.813272,10656.291948,0.913687,cbow150_w5,state_code,8,0.009137,,
0.906275,25486,755668,2415094,3752,0.871674,0.761676,0.814821,10358.015631,0.913687,cbow150_w10,state_code,8,0.009137,,
0.901856,25208,766474,2404287,4031,0.862136,0.758268,0.808536,32549.036112,0.913719,skipgram300_w10,state_code,8,0.009137,,
0.904956,25349,758827,2411935,3889,0.866988,0.76068,0.812096,20470.086086,0.913687,cbow150_w10,state_code,8,0.009137,,
0.901425,25277,776225,2394536,3962,0.864496,0.755193,0.807998,33105.836311,0.913719,skipgram300_w10,state_code,8,0.009137,,
0.903566,25408,772472,2398290,3830,0.869006,0.756377,0.810738,22343.474916,0.913687,cbow150_w10,state_code,8,0.009137,,
0.903313,25451,778187,2392575,3787,0.870477,0.754574,0.810456,18066.29847,0.913687,cbow150_w10,state_code,8,0.009137,,
0.906796,25550,765677,2405085,3688,0.873863,0.75852,0.814151,35431.65839,0.913687,cbow300_w10,state_code,8,0.009137,,
0.902295,25381,776423,2394339,3857,0.868083,0.75513,0.809639,21230.558673,0.913687,cbow150_w10,state_code,8,0.009137,,
0.903555,25301,763915,2406846,3938,0.865317,0.759075,0.810457,34771.853729,0.913719,skipgram300_w10,state_code,8,0.009137,,
0.902991,25313,769582,2401179,3926,0.865727,0.757288,0.809694,35428.701908,0.913719,skipgram300_w10,state_code,8,0.009137,,
0.904399,25442,767497,2403265,3796,0.870169,0.757946,0.812121,18915.732859,0.913687,cbow150_w10,state_code,8,0.009137,,
0.903454,25438,774992,2395770,3800,0.870032,0.755582,0.81079,16921.695658,0.913687,cbow150_w10,state_code,8,0.009137,,
0.903111,25330,766245,2404516,3909,0.866309,0.75834,0.810529,29736.016429,0.913719,cbow300_w10,state_code,8,0.009137,,
0.902432,25221,760917,2409845,4017,0.86261,0.760021,0.809692,23787.946436,0.913687,skipgram300_w10,state_code,8,0.009137,,
0.903669,25373,766202,2404560,3865,0.867809,0.758354,0.811238,25967.0844,0.913687,skipgram300_w10,state_code,8,0.009137,,
0.902263,25353,775235,2395526,3886,0.867095,0.755505,0.809379,23743.185636,0.913719,cbow300_w10,state_code,8,0.009137,,
0.90265,25196,760970,2409792,4042,0.861755,0.760004,0.809282,22362.9129,0.913687,skipgram300_w10,state_code,8,0.009137,,
0.901564,25204,771179,2399583,4034,0.862029,0.756784,0.807694,24985.155735,0.913687,skipgram300_w10,state_code,8,0.009137,,
0.899043,25101,774114,2396647,4138,0.858477,0.755859,0.805535,9605.458092,0.913719,skipgram75_w5,state_code,8,0.009137,,
0.904517,25371,764629,2406133,3867,0.867741,0.75885,0.811471,23623.614921,0.913687,cbow300_w10,state_code,8,0.009137,,
0.906034,25444,760771,2409990,3795,0.870208,0.760067,0.813275,12267.068326,0.913719,skipgram150_w5,state_code,8,0.009137,,
0.901472,25400,791938,2378823,3839,0.868703,0.750237,0.8073,12636.366156,0.913719,skipgram150_w10,state_code,8,0.009137,,
0.905266,25442,772586,2398175,3797,0.870139,0.756341,0.811247,14089.638913,0.913719,skipgram150_w10,state_code,8,0.009137,,
0.901208,25371,787342,2383420,3867,0.867741,0.751687,0.807632,22579.451528,0.913687,skipgram300_w10,state_code,8,0.009137,,
0.901525,25267,778468,2392293,3972,0.864154,0.754485,0.80746,15648.557711,0.913719,choi300,state_code,8,0.009137,,
0.904552,25430,767595,2403166,3809,0.869729,0.757915,0.811899,8161.204555,0.913719,skipgram75_w5,state_code,8,0.009137,,
0.90147,25277,776007,2394754,3962,0.864496,0.755262,0.808035,20415.866296,0.913719,skipgram300_w10,state_code,8,0.009137,,
0.903205,25425,775732,2395029,3814,0.869558,0.755348,0.810444,20601.162569,0.913719,cbow300_w10,state_code,8,0.009137,,
0.903818,25439,772476,2398285,3800,0.870037,0.756375,0.811218,20702.126849,0.913719,cbow300_w10,state_code,8,0.009137,,
0.89997,25130,775659,2395102,4109,0.859469,0.755371,0.805741,21312.739987,0.913719,skipgram300_w5,state_code,8,0.009137,,
0.907002,25415,758238,2412524,3823,0.869246,0.760866,0.813252,24323.679587,0.913687,skipgram300_w10,state_code,8,0.009137,,
0.902523,25245,763038,2407723,3994,0.863402,0.759352,0.809707,22554.041975,0.913719,cbow300_w5,state_code,8,0.009137,,
0.898733,25246,787048,2383713,3993,0.863436,0.751779,0.805676,22775.348431,0.913719,skipgram300_w5,state_code,8,0.009137,,
0.903092,25383,780739,2390022,3856,0.868121,0.753769,0.808927,23342.287154,0.913719,skipgram300_w5,state_code,8,0.009137,,
0.905686,25372,759279,2411482,3867,0.867745,0.760537,0.812375,24218.206949,0.913719,cbow300_w10,state_code,8,0.009137,,
0.903053,25323,765947,2404814,3916,0.866069,0.758434,0.810467,24309.876776,0.913719,cbow300_w5,state_code,8,0.009137,,
0.899743,25350,793250,2377511,3889,0.866993,0.749823,0.806283,24860.247841,0.913719,skipgram300_w10,state_code,8,0.009137,,
0.901042,25253,772457,2398304,3986,0.863675,0.756381,0.80825,12460.24527,0.913719,skipgram150_w10,state_code,8,0.009137,,
0.902978,25381,774671,2396090,3858,0.868053,0.755683,0.809921,25353.141457,0.913719,skipgram300_w10,state_code,8,0.009137,,
0.902363,25317,775562,2395199,3922,0.865864,0.755402,0.808749,13063.778804,0.913719,skipgram150_w5,state_code,8,0.009137,,
0.900327,25235,776446,2394316,4003,0.863089,0.755123,0.807303,7960.763189,0.913687,skipgram75_w5,state_code,8,0.009137,,
0.900466,25258,772596,2398165,3981,0.863846,0.756337,0.808306,13498.522262,0.913719,skipgram150_w10,state_code,8,0.009137,,
0.903441,25365,766043,2404719,3873,0.867535,0.758404,0.811137,19506.903669,0.913687,cbow300_w10,state_code,8,0.009137,,
0.903462,25314,776476,2394285,3925,0.865761,0.755114,0.808547,15645.836884,0.913719,choi300,state_code,8,0.009137,,
0.901236,25239,773209,2397553,3999,0.863226,0.756144,0.807913,7661.437581,0.913687,skipgram75_w5,state_code,8,0.009137,,
0.900573,25211,774255,2396507,4027,0.862268,0.755814,0.807288,12386.1279,0.913687,skipgram150_w10,state_code,8,0.009137,,
0.902759,25326,767969,2402793,3912,0.866202,0.757797,0.810188,12444.418169,0.913687,skipgram150_w5,state_code,8,0.009137,,
0.904257,25418,776555,2394207,3820,0.869348,0.755089,0.810207,13027.608953,0.913687,skipgram150_w10,state_code,8,0.009137,,
0.903016,25387,777550,2393212,3851,0.868288,0.754775,0.809544,7644.435466,0.913687,skipgram75_w5,state_code,8,0.009137,,
0.904653,25519,769193,2401568,3720,0.872773,0.757411,0.813048,21366.603853,0.913719,cbow300_w10,state_code,8,0.009137,,
0.901718,25305,778900,2391861,3934,0.865454,0.754349,0.807994,22066.366863,0.913719,skipgram300_w10,state_code,8,0.009137,,
0.904668,25464,773257,2397504,3775,0.870892,0.756129,0.811484,21629.68366,0.913719,cbow300_w5,state_code,8,0.009137,,
0.900515,25260,779747,2391014,3979,0.863915,0.754082,0.807132,23560.034626,0.913719,cbow300_w10,state_code,8,0.009137,,
0.901918,25232,768148,2402613,4007,0.862957,0.75774,0.808639,24912.210616,0.913719,skipgram300_w5,state_code,8,0.009137,,
0.901194,25225,776206,2394555,4014,0.862718,0.755199,0.80717,23049.712057,0.913719,skipgram300_w5,state_code,8,0.009137,,
0.9038,25284,760778,2409983,3955,0.864735,0.760065,0.810712,21898.133763,0.913719,skipgram300_w10,state_code,8,0.009137,,
0.900287,25235,785895,2384867,4003,0.863089,0.752143,0.805709,15178.244599,0.913687,choi300,state_code,8,0.009137,,
0.900482,25280,773475,2397286,3959,0.864599,0.75606,0.80851,24508.124565,0.913719,skipgram300_w5,state_code,8,0.009137,,
0.905759,25458,761210,2409551,3781,0.870686,0.759928,0.813424,24266.810265,0.913719,cbow300_w10,state_code,8,0.009137,,
0.903465,25399,772370,2398392,3839,0.868698,0.756409,0.810611,17081.251402,0.913687,cbow300_w10,state_code,8,0.009137,,
0.907588,25529,761949,2408812,3710,0.873115,0.759695,0.814433,24470.573167,0.913719,cbow300_w5,state_code,8,0.009137,,
0.901712,25411,793850,2376912,3827,0.869109,0.749634,0.807164,11905.293435,0.913687,skipgram150_w10,state_code,8,0.009137,,
0.898418,25155,779649,2391113,4083,0.860353,0.754113,0.805483,11990.324456,0.913687,skipgram150_w5,state_code,8,0.009137,,
0.907775,25587,770127,2400634,3652,0.875098,0.757116,0.813972,25271.493499,0.913719,skipgram300_w10,state_code,8,0.009137,,
0.897732,25135,781960,2388802,4103,0.859669,0.753384,0.804774,12045.272742,0.913687,skipgram150_w10,state_code,8,0.009137,,
0.899621,25249,786942,2383820,3989,0.863568,0.751813,0.805755,11632.547204,0.913687,skipgram150_w10,state_code,8,0.009137,,
0.901269,25322,775420,2395342,3916,0.866065,0.755447,0.808867,18896.242146,0.913687,cbow300_w10,state_code,8,0.009137,,
0.90313,25384,772094,2398668,3854,0.868185,0.756496,0.810419,11665.447118,0.913687,skipgram150_w5,state_code,8,0.009137,,
0.904631,25441,777384,2393378,3797,0.870135,0.754827,0.810433,11017.053782,0.913687,skipgram150_w10,state_code,8,0.009137,,
0.899238,25145,781867,2388895,4093,0.860011,0.753414,0.80495,21459.532636,0.913687,skipgram300_w10,state_code,8,0.009137,,
0.901668,25238,774408,2396354,4000,0.863192,0.755766,0.807695,16743.194005,0.913687,choi300,state_code,8,0.009137,,
0.903869,25354,759394,2411368,3884,0.867159,0.760501,0.812081,20462.975452,0.913687,cbow300_w5,state_code,8,0.009137,,
0.901399,25222,769821,2400941,4016,0.862645,0.757213,0.808211,20422.745831,0.913687,skipgram300_w5,state_code,8,0.009137,,
0.901293,25188,772104,2398658,4050,0.861482,0.756493,0.807282,23596.453892,0.913687,cbow300_w10,state_code,8,0.009137,,
0.90189,25460,786759,2384003,3778,0.870785,0.751871,0.809146,22108.406664,0.913687,skipgram300_w10,state_code,8,0.009137,,
0.903221,25310,764783,2405979,3928,0.865654,0.758802,0.810469,23548.154438,0.913687,skipgram300_w5,state_code,8,0.009137,,
0.906343,25551,771425,2399337,3687,0.873897,0.756707,0.813194,22008.22603,0.913687,cbow300_w5,state_code,8,0.009137,,
0.906188,25535,767585,2403177,3703,0.87335,0.757918,0.813589,22322.072793,0.913687,cbow300_w10,state_code,8,0.009137,,
0.903255,25324,767763,2402999,3914,0.866133,0.757862,0.810191,25047.817529,0.913687,skipgram300_w5,state_code,8,0.009137,,
0.903828,25339,768713,2402049,3899,0.866646,0.757562,0.81027,22181.630602,0.913687,skipgram300_w10,state_code,8,0.009137,,
0.902865,25309,773517,2397245,3929,0.86562,0.756047,0.80898,18584.536646,0.913687,choi300,state_code,8,0.009137,,
0.904679,25457,777201,2393561,3781,0.870682,0.754885,0.810719,21692.486068,0.913687,cbow300_w10,state_code,8,0.009137,,
0.900055,25175,777254,2393508,4063,0.861037,0.754868,0.806207,21482.485327,0.913687,skipgram300_w10,state_code,8,0.009137,,
0.905278,25438,766339,2404423,3800,0.870032,0.758311,0.812253,20813.09304,0.913687,cbow300_w5,state_code,8,0.009137,,
0.904866,25455,775021,2395741,3783,0.870614,0.755573,0.811056,20942.530024,0.913687,skipgram300_w5,state_code,8,0.009137,,
0.906114,25506,769127,2401635,3732,0.872358,0.757431,0.812866,22076.538774,0.913687,cbow300_w10,state_code,8,0.009137,,
0.902296,25249,769136,2401626,3989,0.863568,0.757429,0.808759,22123.543274,0.913687,skipgram300_w10,state_code,8,0.009137,,
0.904849,25517,777432,2393330,3721,0.872734,0.754812,0.811634,20285.75543,0.913687,cbow300_w5,state_code,8,0.009137,,
0.905789,25380,756296,2414466,3858,0.868048,0.761478,0.813019,21167.720701,0.913687,skipgram300_w5,state_code,8,0.009137,,
0.903984,25319,759321,2411441,3919,0.865962,0.760524,0.811533,22539.689299,0.913687,skipgram300_w5,state_code,8,0.009137,,
0.901367,25312,777365,2393397,3926,0.865723,0.754833,0.808379,22996.271554,0.913687,cbow300_w10,state_code,8,0.009137,,
0.903821,25235,756254,2414508,4003,0.863089,0.761491,0.8107,21764.979944,0.913687,skipgram300_w10,state_code,8,0.009137,,
0.903826,25306,771026,2399735,3933,0.865488,0.756833,0.809339,15266.569081,0.913719,choi300,state_code,8,0.009137,,
0.906485,25603,769429,2401333,3635,0.875675,0.757336,0.814359,22111.858809,0.913687,cbow300_w10,state_code,8,0.009137,,
0.904896,25424,765976,2404786,3814,0.869553,0.758425,0.812091,21286.52905,0.913687,cbow300_w5,state_code,8,0.009137,,
0.902632,25242,767907,2402855,3996,0.863329,0.757816,0.808854,21501.825861,0.913687,skipgram300_w10,state_code,8,0.009137,,
0.904914,25438,772759,2398003,3800,0.870032,0.756286,0.811168,21094.517141,0.913687,skipgram300_w5,state_code,8,0.009137,,
0.904579,25428,766370,2404392,3810,0.86969,0.758301,0.812088,20365.173588,0.913687,cbow300_w5,state_code,8,0.009137,,
0.904642,25486,774116,2396646,3752,0.871674,0.755858,0.811703,21784.732671,0.913687,cbow300_w10,state_code,8,0.009137,,
0.902835,25194,761596,2409166,4044,0.861687,0.759807,0.809145,21231.156904,0.913687,skipgram300_w10,state_code,8,0.009137,,
0.903588,25374,770290,2400472,3864,0.867843,0.757065,0.810564,20800.819547,0.913687,skipgram300_w5,state_code,8,0.009137,,
0.902995,25186,763735,2407026,4053,0.861384,0.759132,0.808643,15175.593077,0.913719,choi300,state_code,8,0.009137,,
0.904124,25421,768843,2401919,3817,0.869451,0.757521,0.811559,19912.244692,0.913687,cbow300_w10,state_code,8,0.009137,,
0.905282,25516,777511,2393251,3722,0.8727,0.754787,0.811605,20996.810793,0.913687,skipgram300_w5,state_code,8,0.009137,,
0.903193,25312,768929,2401833,3926,0.865723,0.757494,0.809802,20264.898124,0.913687,skipgram300_w10,state_code,8,0.009137,,
0.90149,25221,770506,2400256,4017,0.86261,0.756997,0.80808,15165.058179,0.913687,choi300,state_code,8,0.009137,,
0.905423,25405,764940,2405821,3834,0.868874,0.758752,0.811948,15089.919398,0.913719,cbow300_w5,state_code,8,0.009137,,
0.903537,25307,763379,2407382,3932,0.865522,0.759244,0.810643,18449.80879,0.913719,skipgram300_w5,state_code,8,0.009137,,
0.904482,25462,771663,2399098,3777,0.870823,0.756632,0.811722,18857.913849,0.913719,cbow300_w10,state_code,8,0.009137,,
0.904165,25431,770947,2399814,3808,0.869763,0.756857,0.811349,20794.386731,0.913719,cbow300_w10,state_code,8,0.009137,,
0.900046,25109,770855,2399907,4129,0.85878,0.756887,0.806225,15180.18682,0.913687,choi300,state_code,8,0.009137,,
0.903646,25304,773787,2396974,3935,0.865419,0.755962,0.808841,21381.626132,0.913719,choi300,state_code,8,0.009137,,
0.906784,25389,744609,2426152,3850,0.868327,0.765164,0.815115,22137.885597,0.913719,cbow300_w5,state_code,8,0.009137,,
0.904719,25513,770624,2400137,3726,0.872567,0.756959,0.81271,22304.544782,0.913719,cbow300_w5,state_code,8,0.009137,,
0.905848,25396,754873,2415888,3843,0.868566,0.761927,0.813501,22477.764993,0.913719,cbow300_w5,state_code,8,0.009137,,
0.897637,25190,797422,2373339,4049,0.861521,0.748508,0.803029,22550.274219,0.913719,choi300,state_code,8,0.009137,,
0.901787,25211,766944,2403817,4028,0.862239,0.75812,0.808505,23117.255555,0.913719,skipgram300_w5,state_code,8,0.009137,,
0.904819,25450,766078,2404683,3789,0.870413,0.758393,0.812475,16472.268556,0.913719,cbow300_w5,state_code,8,0.009137,,
0.901271,25238,774955,2395806,4001,0.863162,0.755593,0.807589,24777.046921,0.913719,choi300,state_code,8,0.009137,,
0.904799,25359,765975,2404786,3880,0.867301,0.758426,0.811038,24771.855923,0.913719,choi300,state_code,8,0.009137,,
0.904156,25312,759052,2411709,3927,0.865693,0.760609,0.811452,25048.822842,0.913719,choi300,state_code,8,0.009137,,
0.9027,25391,783763,2386998,3848,0.868395,0.752815,0.808543,25360.086155,0.913719,choi300,state_code,8,0.009137,,
0.903977,25279,768612,2402150,3959,0.864594,0.757594,0.809328,15164.275918,0.913687,choi300,state_code,8,0.009137,,
0.907787,25465,757911,2412851,3773,0.870956,0.760969,0.814107,14956.890045,0.913687,cbow300_w5,state_code,8,0.009137,,
0.902892,25321,774206,2396555,3918,0.866001,0.75583,0.809042,19892.621536,0.913719,skipgram300_w5,state_code,8,0.009137,,
0.904819,25491,768654,2402107,3748,0.871815,0.757581,0.812693,21076.757496,0.913719,cbow300_w10,state_code,8,0.009137,,
0.90516,25553,778378,2392383,3686,0.873935,0.754514,0.812032,19861.205868,0.913719,cbow300_w10,state_code,8,0.009137,,
0.900826,25261,786498,2384263,3978,0.863949,0.751953,0.806008,21489.936143,0.913719,choi300,state_code,8,0.009137,,
0.900909,25184,760485,2410276,4055,0.861315,0.760157,0.809157,20438.676188,0.913719,skipgram300_w5,state_code,8,0.009137,,
0.902195,25137,758591,2412170,4102,0.859708,0.760754,0.808719,21359.794155,0.913719,choi300,state_code,8,0.009137,,
0.897833,25121,784177,2386584,4118,0.859161,0.752685,0.804162,20789.348274,0.913719,choi300,state_code,8,0.009137,,
0.902684,25427,768763,2401998,3812,0.869626,0.757546,0.811654,23626.947016,0.913719,cbow300_w5,state_code,8,0.009137,,
0.899731,25131,776250,2394511,4108,0.859503,0.755185,0.805657,21310.413091,0.913719,choi300,state_code,8,0.009137,,
0.907233,25582,764054,2406707,3657,0.874927,0.759031,0.814922,24655.284799,0.913719,cbow300_w5,state_code,8,0.009137,,
0.901014,25128,766249,2404512,4111,0.8594,0.758339,0.80729,22036.629637,0.913719,choi300,state_code,8,0.009137,,
0.903209,25425,773288,2397473,3814,0.869558,0.756119,0.810857,25229.036442,0.913719,cbow300_w5,state_code,8,0.009137,,
0.900388,25247,780479,2390282,3992,0.86347,0.753851,0.806801,22733.121587,0.913719,choi300,state_code,8,0.009137,,
0.905017,25372,760520,2410242,3866,0.867775,0.760146,0.812179,14940.843855,0.913687,cbow300_w5,state_code,8,0.009137,,
0.902712,25364,780076,2390686,3874,0.867501,0.753978,0.80875,20020.532169,0.913687,skipgram300_w5,state_code,8,0.009137,,
0.90544,25438,759066,2411696,3800,0.870032,0.760605,0.81348,18960.23918,0.913687,cbow300_w10,state_code,8,0.009137,,
0.904141,25405,776430,2394332,3833,0.868903,0.755128,0.810021,19853.895396,0.913687,cbow300_w10,state_code,8,0.009137,,
0.901879,25197,769273,2401489,4041,0.861789,0.757385,0.807903,20416.098314,0.913687,skipgram300_w5,state_code,8,0.009137,,
0.903905,25303,760103,2410659,3935,0.865415,0.760277,0.811145,22098.251047,0.913687,choi300,state_code,8,0.009137,,
0.900718,25089,770591,2400171,4149,0.858096,0.75697,0.805948,22235.822634,0.913687,choi300,state_code,8,0.009137,,
0.901669,25238,779129,2391633,4000,0.863192,0.754277,0.806899,20911.244157,0.913687,choi300,state_code,8,0.009137,,
0.90426,25396,768578,2402184,3842,0.868596,0.757605,0.811204,21886.638071,0.913687,cbow300_w5,state_code,8,0.009137,,
0.904393,25345,762521,2408241,3893,0.866851,0.759515,0.81141,14983.712806,0.913687,cbow300_w5,state_code,8,0.009137,,
0.901691,25183,774723,2396039,4055,0.861311,0.755667,0.806761,22344.977377,0.913687,choi300,state_code,8,0.009137,,
0.904107,25461,775497,2395265,3777,0.870819,0.755423,0.811071,25010.890868,0.913687,cbow300_w5,state_code,8,0.009137,,
0.902406,25250,771615,2399147,3988,0.863602,0.756647,0.808357,26379.524044,0.913687,choi300,state_code,8,0.009137,,
0.904286,25338,764982,2405780,3900,0.866612,0.758739,0.810884,25886.140078,0.913687,cbow300_w5,state_code,8,0.009137,,
0.904381,25401,771610,2399152,3837,0.868767,0.756648,0.810772,25243.245153,0.913687,choi300,state_code,8,0.009137,,
0.90286,25347,768627,2402135,3891,0.86692,0.757589,0.810413,19066.532678,0.913687,skipgram300_w5,state_code,8,0.009137,,
0.906197,25513,768284,2402478,3725,0.872597,0.757697,0.81312,21723.157183,0.913687,cbow300_w10,state_code,8,0.009137,,
0.902461,25325,775953,2394809,3913,0.866167,0.755279,0.808825,18912.557463,0.913687,skipgram300_w5,state_code,8,0.009137,,
0.903384,25290,755088,2415674,3948,0.86497,0.761859,0.811779,23160.647939,0.913687,cbow300_w10,state_code,8,0.009137,,
0.903263,25223,763688,2407074,4015,0.862679,0.759147,0.809259,24524.257698,0.913687,choi300,state_code,8,0.009137,,
0.901837,25241,769677,2401085,3997,0.863294,0.757258,0.80854,22690.251063,0.913687,cbow300_w5,state_code,8,0.009137,,
0.898677,25153,780654,2390108,4085,0.860285,0.753796,0.805282,24214.008931,0.913687,choi300,state_code,8,0.009137,,
0.902897,25375,784320,2386442,3863,0.867877,0.75264,0.808207,25399.360362,0.913687,choi300,state_code,8,0.009137,,
0.902066,25214,761703,2409059,4024,0.862371,0.759773,0.809448,21910.889372,0.913687,cbow300_w5,state_code,8,0.009137,,
0.905472,25373,762647,2408115,3865,0.867809,0.759475,0.811837,24493.647795,0.913687,choi300,state_code,8,0.009137,,
0.906616,25459,765886,2404876,3779,0.87075,0.758454,0.812665,19525.348191,0.913687,skipgram300_w5,state_code,8,0.009137,,
0.899658,25158,774741,2396021,4080,0.860456,0.755661,0.806358,25734.116762,0.913687,choi300,state_code,8,0.009137,,
0.90518,25433,759054,2411708,3805,0.869861,0.760608,0.813403,24994.475876,0.913687,cbow300_w5,state_code,8,0.009137,,
0.900233,25256,781084,2389678,3982,0.863807,0.75366,0.806857,25063.869029,0.913687,choi300,state_code,8,0.009137,,
0.89877,25191,790006,2380756,4047,0.861584,0.750847,0.804312,17945.607392,0.913687,skipgram300_w5,state_code,8,0.009137,,
0.903175,25382,774389,2396373,3856,0.868117,0.755772,0.809999,22112.35891,0.913687,cbow300_w10,state_code,8,0.009137,,
0.904478,25474,777336,2393426,3764,0.871263,0.754843,0.810967,21924.163335,0.913687,cbow300_w10,state_code,8,0.009137,,
0.904106,25384,763077,2407685,3854,0.868185,0.75934,0.811941,22208.332903,0.913687,cbow300_w5,state_code,8,0.009137,,
0.900255,25269,785574,2385188,3969,0.864252,0.752244,0.806306,25028.648637,0.913687,choi300,state_code,8,0.009137,,
0.900917,25283,781210,2389552,3955,0.864731,0.753621,0.807266,25130.28512,0.913687,choi300,state_code,8,0.009137,,
0.904306,25348,764213,2406549,3890,0.866954,0.758981,0.811173,24512.372358,0.913687,choi300,state_code,8,0.009137,,
0.903875,25429,772218,2398544,3809,0.869724,0.756457,0.811116,22948.600567,0.913687,cbow300_w5,state_code,8,0.009137,,
0.903845,25402,776253,2394509,3836,0.868801,0.755184,0.810003,24080.60038,0.913687,choi300,state_code,8,0.009137,,
0.901708,25308,773432,2397330,3930,0.865586,0.756074,0.808979,21926.954595,0.913687,cbow300_w5,state_code,8,0.009137,,
0.904075,25365,773184,2397578,3873,0.867535,0.756152,0.809931,22200.710419,0.913687,choi300,state_code,8,0.009137,,
0.903046,25539,783864,2386897,3700,0.873457,0.752784,0.810878,10512.754287,0.913719,cbow150_w5,state_code,8,0.009137,,
0.900144,25196,780202,2390560,4042,0.861755,0.753939,0.806046,24286.664995,0.913687,choi300,state_code,8,0.009137,,
0.905494,25496,767948,2402813,3743,0.871986,0.757803,0.812892,13000.952022,0.913719,cbow150_w5,state_code,8,0.009137,,
0.869215,25050,951907,2218854,4189,0.856732,0.699786,0.774293,447.186482,0.913719,none,state_code|hcpcs_code,8,0.009137,,
0.870568,25149,953431,2217330,4090,0.860118,0.699305,0.775555,452.029484,0.913719,none,state_code|hcpcs_code,8,0.009137,,
0.870692,24963,930239,2240523,4275,0.853786,0.70662,0.776725,455.098691,0.913687,none,state_code|hcpcs_code,8,0.009137,,
0.905468,25526,773198,2397563,3713,0.873012,0.756147,0.812481,11173.359604,0.913719,cbow150_w5,state_code,8,0.009137,,
0.871177,25094,939558,2231204,4144,0.858267,0.703681,0.777139,448.458531,0.913687,none,state_code|hcpcs_code,8,0.009137,,
0.864854,24968,961871,2208891,4270,0.853957,0.696644,0.7713,446.046113,0.913687,none,state_code|hcpcs_code,8,0.009137,,
0.870842,24964,932330,2238431,4275,0.853791,0.70596,0.776365,455.117705,0.913719,none,state_code|hcpcs_code,8,0.009137,,
0.871809,25192,948479,2222282,4047,0.861589,0.700867,0.777084,447.548115,0.913719,none,state_code|hcpcs_code,8,0.009137,,
0.903963,25342,770187,2400574,3897,0.866719,0.757097,0.810056,11187.488784,0.913719,cbow150_w5,state_code,8,0.009137,,
0.870016,25112,946385,2224377,4126,0.858882,0.701528,0.776228,450.86186,0.913687,none,state_code|hcpcs_code,8,0.009137,,
0.873245,24998,923543,2247219,4240,0.854983,0.708732,0.77843,448.822406,0.913687,none,state_code|hcpcs_code,8,0.009137,,
0.872172,25128,941420,2229342,4110,0.85943,0.703093,0.777341,446.607705,0.913687,none,state_code|hcpcs_code,8,0.009137,,
0.867572,24965,951998,2218763,4274,0.853825,0.699757,0.772962,446.551201,0.913719,none,state_code|hcpcs_code,8,0.009137,,
0.869517,24973,946214,2224547,4266,0.854099,0.701581,0.774093,446.25097,0.913719,none,state_code|hcpcs_code,8,0.009137,,
0.870557,25101,956453,2214309,4137,0.858506,0.698352,0.774299,447.315304,0.913687,none,state_code|hcpcs_code,8,0.009137,,
0.871824,24993,928945,2241817,4245,0.854812,0.707028,0.777416,448.523394,0.913687,none,state_code|hcpcs_code,8,0.009137,,
0.871731,25052,936492,2234270,4186,0.85683,0.704648,0.777022,448.148712,0.913687,none,state_code|hcpcs_code,8,0.009137,,
0.874102,25270,939391,2231370,3969,0.864257,0.703733,0.779876,449.420142,0.913719,none,state_code|hcpcs_code,8,0.009137,,
0.872276,25147,943007,2227754,4092,0.86005,0.702593,0.777345,449.263604,0.913719,none,state_code|hcpcs_code,8,0.009137,,
0.869648,24856,933646,2237116,4382,0.850127,0.705545,0.774469,448.354817,0.913687,none,state_code|hcpcs_code,8,0.009137,,
0.867275,24983,959649,2211113,4255,0.85447,0.697344,0.77192,446.701211,0.913687,none,state_code|hcpcs_code,8,0.009137,,
0.870746,25122,943328,2227434,4116,0.859224,0.702492,0.776916,446.939929,0.913687,none,state_code|hcpcs_code,8,0.009137,,
0.899504,25376,803696,2367065,3863,0.867882,0.746529,0.804922,5570.240527,0.913719,uniform75,state_code,8,0.009137,,
0.86702,25064,955561,2215200,4175,0.857211,0.698634,0.773871,445.683156,0.913719,none,state_code|hcpcs_code,8,0.009137,,
0.894617,25209,819713,2351048,4030,0.86217,0.741478,0.79955,7317.120235,0.913719,uniform75,state_code,8,0.009137,,
0.871601,25118,943568,2227193,4121,0.859058,0.702416,0.776799,446.716903,0.913719,none,state_code|hcpcs_code,8,0.009137,,
0.904029,25339,768309,2402453,3899,0.866646,0.757689,0.810339,10758.988814,0.913687,cbow150_w5,state_code,8,0.009137,,
0.869134,25030,949738,2221024,4208,0.856078,0.70047,0.774375,445.426134,0.913687,none,state_code|hcpcs_code,8,0.009137,,
0.8962,25288,812554,2358207,3951,0.864872,0.743735,0.80202,8375.937067,0.913719,uniform75,state_code,8,0.009137,,
0.894829,25156,806628,2364133,4083,0.860358,0.745604,0.800928,8374.701818,0.913719,uniform75,state_code,8,0.009137,,
0.871585,25096,948831,2221931,4142,0.858335,0.700756,0.775554,446.834613,0.913687,none,state_code|hcpcs_code,8,0.009137,,
0.87266,25142,940605,2230157,4096,0.859908,0.70335,0.7777,448.438506,0.913687,none,state_code|hcpcs_code,8,0.009137,,
0.871946,25032,937627,2233134,4207,0.856117,0.70429,0.776501,449.028599,0.913719,none,state_code|hcpcs_code,8,0.009137,,
0.867588,25020,963776,2206985,4219,0.855706,0.696043,0.771757,446.119869,0.913719,none,state_code|hcpcs_code,8,0.009137,,
0.87089,25164,948155,2222607,4074,0.860661,0.700969,0.776722,448.816866,0.913687,none,state_code|hcpcs_code,8,0.009137,,
0.903534,25499,783648,2387114,3739,0.872118,0.752852,0.810294,11346.436098,0.913687,cbow150_w5,state_code,8,0.009137,,
0.872111,24948,925217,2245545,4290,0.853273,0.708204,0.777362,450.362215,0.913687,none,state_code|hcpcs_code,8,0.009137,,
0.870564,25216,960656,2210106,4022,0.862439,0.697027,0.775334,447.866261,0.913687,none,state_code|hcpcs_code,8,0.009137,,
0.896345,25319,814363,2356398,3920,0.865932,0.743165,0.802204,5749.724364,0.913719,uniform75,state_code,8,0.009137,,
0.896459,25237,812891,2357870,4002,0.863128,0.743629,0.801154,7927.825891,0.913719,uniform75,state_code,8,0.009137,,
0.894657,25174,822280,2348481,4065,0.860973,0.740668,0.798558,7317.059309,0.913719,uniform75,state_code,8,0.009137,,
0.892901,25248,833903,2336858,3991,0.863504,0.737002,0.79775,8305.159263,0.913719,uniform75,state_code,8,0.009137,,
0.896136,25191,808180,2362582,4047,0.861584,0.745115,0.801236,5496.270668,0.913687,uniform75,state_code,8,0.009137,,
0.904045,25452,775297,2395465,3786,0.870511,0.755486,0.810961,10595.606434,0.913687,cbow150_w5,state_code,8,0.009137,,
0.904063,25437,776650,2394112,3801,0.869998,0.755059,0.810493,10608.463649,0.913687,cbow150_w5,state_code,8,0.009137,,
0.897603,25243,808672,2362090,3995,0.863363,0.74496,0.801979,5507.627099,0.913687,uniform75,state_code,8,0.009137,,
0.897816,25229,795037,2375725,4009,0.862884,0.74926,0.804067,5519.621769,0.913687,uniform75,state_code,8,0.009137,,
0.90468,25509,775078,2395684,3729,0.87246,0.755555,0.811906,10615.739829,0.913687,cbow150_w5,state_code,8,0.009137,,
0.90518,25571,770030,2400732,3667,0.874581,0.757147,0.813748,10084.992226,0.913687,cbow150_w5,state_code,8,0.009137,,
0.896609,25341,821383,2349378,3898,0.866685,0.740951,0.801356,5512.922875,0.913719,uniform75,state_code,8,0.009137,,
0.897046,25267,813796,2356965,3972,0.864154,0.743344,0.801476,5571.433237,0.913719,uniform75,state_code,8,0.009137,,
0.896365,25221,812770,2357992,4017,0.86261,0.743667,0.800934,11602.640641,0.913687,uniform75,state_code,8,0.009137,,
0.898131,25452,823230,2347531,3787,0.870481,0.740368,0.802793,12082.476444,0.913719,uniform75,state_code,8,0.009137,,
0.895981,25308,826521,2344240,3931,0.865556,0.73933,0.799958,13161.638726,0.913719,uniform75,state_code,8,0.009137,,
0.896433,25194,804655,2366106,4045,0.861657,0.746227,0.801868,13172.475096,0.913719,uniform75,state_code,8,0.009137,,
0.894399,25229,827425,2343337,4009,0.862884,0.739045,0.798568,12132.448312,0.913687,uniform75,state_code,8,0.009137,,
0.894371,25232,821332,2349429,4007,0.862957,0.740967,0.799639,12680.4384,0.913719,uniform75,state_code,8,0.009137,,
0.89623,25310,813564,2357197,3929,0.865625,0.743417,0.802197,12665.551824,0.913719,uniform75,state_code,8,0.009137,,
0.897301,25374,819426,2351335,3865,0.867814,0.741568,0.802211,12739.347098,0.913719,uniform75,state_code,8,0.009137,,
0.897083,25221,802315,2368447,4017,0.86261,0.746965,0.802708,12510.980794,0.913687,uniform75,state_code,8,0.009137,,
0.891987,25190,830948,2339814,4048,0.86155,0.737934,0.79735,12507.004108,0.913687,uniform75,state_code,8,0.009137,,
0.897583,25369,810729,2360033,3869,0.867672,0.744311,0.803628,11492.580126,0.913687,uniform75,state_code,8,0.009137,,
0.896771,25235,811430,2359332,4003,0.863089,0.74409,0.801384,12469.845367,0.913687,uniform75,state_code,8,0.009137,,
0.896615,25265,813776,2356986,3973,0.864115,0.74335,0.801461,6875.630741,0.913687,uniform75,state_code,8,0.009137,,
0.896377,25341,820528,2350234,3897,0.866715,0.741221,0.801515,11320.834966,0.913687,uniform75,state_code,8,0.009137,,
0.896241,25178,809853,2360909,4060,0.86114,0.744587,0.800746,11443.186524,0.913687,uniform75,state_code,8,0.009137,,
0.894558,25198,821966,2348796,4040,0.861824,0.740767,0.799006,6844.273748,0.913687,uniform75,state_code,8,0.009137,,
0.894049,25175,819512,2351249,4064,0.861008,0.741541,0.799045,7012.513451,0.913719,uniform75,state_code,8,0.009137,,
0.896826,25320,819418,2351344,3918,0.865996,0.741571,0.801372,11378.265592,0.913687,uniform75,state_code,8,0.009137,,
0.892937,25200,829949,2340813,4038,0.861892,0.738249,0.797679,11288.101859,0.913687,uniform75,state_code,8,0.009137,,
0.894064,25206,822180,2348581,4033,0.862068,0.740699,0.799083,6910.985623,0.913719,uniform75,state_code,8,0.009137,,
0.897161,25497,842733,2328028,3742,0.87202,0.734217,0.800158,11393.147103,0.913719,uniform75,state_code,8,0.009137,,
0.894716,25279,819831,2350931,3959,0.864594,0.74144,0.800653,6884.867112,0.913687,uniform75,state_code,8,0.009137,,
0.897535,25188,800756,2370005,4051,0.861452,0.747456,0.802432,11292.304583,0.913719,uniform75,state_code,8,0.009137,,